<?xml version="1.0" encoding="UTF-8"?>
<!DOCTYPE module PUBLIC
  "-//Puppy Crawl//DTD Check Configuration 1.3//EN"
  "http://www.puppycrawl.com/dtds/configuration_1_3.dtd">
<!-- Checkstyle-Configuration: checks Description: none -->
<module name="Checker">
  <module name="LineLengthCheck">
    <property name="fileExtensions" value="java"/>
    <property name="max" value="150"/>
  </module>
  <module name="SuppressWithPlainTextCommentFilter">
    <property name="offCommentFormat" value="CHECKSTYLE OFF\: ([\w\|]+)"/>
    <property name="onCommentFormat" value="CHECKSTYLE ON\: ([\w\|]+)"/>
    <property name="checkFormat" value="$1"/>
  </module>
  <module name="TreeWalker">
    <module name="JavadocType"/>
    <!--       <module name="JavadocMethod">-->
    <!--           <property name="suppressLoadErrors" value="true" />-->
    <!--           <property name="allowUndeclaredRTE" value="true" />-->
    <!--       </module>-->
    <module name="JavadocVariable"/>
    <module name="JavadocStyle"/>
    <module name="ConstantName"/>
    <module name="LocalFinalVariableName"/>
    <module name="LocalVariableName"/>
    <module name="MemberName"/>
    <module name="MethodName"/>
    <module name="PackageName"/>
    <module name="ParameterName"/>
    <module name="StaticVariableName"/>
    <module name="TypeName"/>
    <module name="AvoidStarImport"/>
    <module name="SuppressionCommentFilter"/>
    <module name="IllegalImport">
      <message key="import.illegal" value="Import from illegal package - {0}."/>
      <property name="illegalPkgs"
        value="edu.emory.mathcs.backport.java.util, org.ocpsoft.prettytime.shade.edu.emory.mathcs.backport.java.util, org.apache.log4j"/>
      <property name="severity" value="error"/>
    </module>
    <module name="ImportControl">
      <property name="file" value="/checkstyle_import_control.xml"/>
    </module>
    <module name="RedundantImport"/>
    <module name="UnusedImports"/>
    <module name="ParameterNumber"/>
    <!--       <module name="LineLength">-->
    <!--           <property name="max" value="150" />-->
    <!--       </module>-->
    <module name="EmptyForIteratorPad"/>
    <module name="MethodParamPad"/>
    <module name="NoWhitespaceAfter">
      <property name="tokens"
        value="BNOT,DEC,DOT,INC,LNOT,UNARY_MINUS,UNARY_PLUS"/>
    </module>
    <module name="NoWhitespaceBefore"/>
    <module name="OperatorWrap"/>
    <module name="ParenPad"/>
    <module name="TypecastParenPad"/>
    <module name="WhitespaceAfter"/>
    <module name="WhitespaceAround"/>
    <module name="ModifierOrder"/>
    <module name="RedundantModifier"/>
    <module name="AvoidNestedBlocks">
      <property name="severity" value="ignore"/>
    </module>
    <module name="EmptyBlock">
      <property name="option" value="text"/>
    </module>
    <module name="LeftCurly"/>
    <module name="NeedBraces"/>
    <module name="RightCurly"/>
    <module name="EmptyStatement"/>
    <module name="EqualsHashCode"/>
    <module name="IllegalInstantiation"/>
    <module name="InnerAssignment">
      <property name="severity" value="ignore"/>
    </module>
    <module name="MagicNumber"/>
    <module name="MissingSwitchDefault"/>
    <module name="SimplifyBooleanExpression"/>
    <!-- <module name="RedundantThrows"> <property name="suppressLoadErrors"
       value="true"/> </module> -->
    <module name="SimplifyBooleanReturn"/>
    <module name="FinalClass"/>
    <module name="HideUtilityClassConstructor"/>
    <module name="InterfaceIsType"/>
    <module name="VisibilityModifier">
      <property name="protectedAllowed" value="true"/>
    </module>
    <module name="ArrayTypeStyle"/>
    <module name="FinalParameters"/>
    <module name="IllegalCatch">
      <property name="illegalClassNames"
        value="java.lang.Exception, java.lang.Throwable, java.lang.RuntimeException, java.lang.IllegalArgumentException, java.lang.IllegalStateException, java.lang.UnsupportedOperationException, java.lang.NumberFormatException,
                java.lang.NullPointerException, java.lang.StringIndexOutOfBoundsException, java.lang.ArrayIndexOutOfBoundsException, java.util.NoSuchElementException, java.util.MissingResourceException,
                javax.ws.rs.NotSupportedException, javax.ws.rs.BadRequestException, javax.ws.rs.ProcessingException, javax.ws.rs.core.UriBuilderException"/>
    </module>
    <module name="IllegalThrows">
      <property name="illegalClassNames"
        value="java.lang.Exception, java.lang.Throwable, java.lang.RuntimeException, java.lang.IllegalArgumentException, java.lang.IllegalStateException, java.lang.UnsupportedOperationException, java.lang.NumberFormatException,
                java.lang.NullPointerException, java.lang.StringIndexOutOfBoundsException, java.lang.ArrayIndexOutOfBoundsException, java.util.NoSuchElementException, java.util.MissingResourceException,
                javax.ws.rs.NotSupportedException, javax.ws.rs.BadRequestException, javax.ws.rs.ProcessingException, javax.ws.rs.core.UriBuilderException"/>
    </module>
    <module name="IllegalInstantiation">
      <property name="classes" value="java.net.URLEncoder"/>
      <property name="classes" value="java.net.URLDecoder"/>
      <property name="classes" value="javax.mail.internet.InternetAddress"/>
    </module>
    <module name="TodoComment">
      <metadata name="net.sf.eclipsecs.core.lastEnabledSeverity"
        value="inherit"/>
      <property name="severity" value="ignore"/>
    </module>
    <module name="UpperEll"/>
    <module name="RegexpSinglelineJava">
      <property name="format" value="System\.(out|err|in|exit)"/>
      <property name="message"
        value="Prohibited System.out/err/in/exit reference(s)."/>
      <property name="ignoreComments" value="true"/>
    </module>
    <module name="RegexpSinglelineJava">
      <property name="format" value="Charset\.getDefaultCharset\(\)"/>
      <property name="message" value="Usage of Charset.getDefaultCharset() is prohibited."/>
      <property name="ignoreComments" value="true"/>
    </module>
    <module name="RegexpSinglelineJava">
      <property name="format" value="\.getBytes\(&quot;(.*)&quot;\)"/>
      <property name="message"
        value="Possible usage of String.getBytes() with String to specific Charset."/>
      <property name="ignoreComments" value="true"/>
    </module>
    <module name="RegexpSinglelineJava">
      <property name="format" value="@Test.*dependsOn(Groups|Methods).*"/>
      <property name="message"
        value="Prohibited TestNG dependsOn due to issues with parallelization. Make all tests run independently."/>
      <property name="ignoreComments" value="true"/>
    </module>
    <module name="RegexpSinglelineJava">
      <property name="format" value="\.submit\([a-zA-Z]*[Ww]orker, null\)"/>
      <property name="message"
        value="Prohibited use of submit with null passed as handler. Please use WorkerExceptionStatsHandler."/>
      <property name="ignoreComments" value="true"/>
    </module>
    <module name="RegexpSinglelineJava">
      <property name="format" value="\.printStackTrace\(\)"/>
      <property name="message"
        value="Using e.printStackTrace() is forbidden. Rethrow, log or handle the exception."/>
      <property name="ignoreComments" value="true"/>
    </module>
    <property name="tabWidth" value="4"/>
  </module>
  <module name="RegexpMultiline">
    <property name="format"
      value="type = ValueType\.StringList,\s*defaultValue = \&quot;\[ *[^\\ ][^&quot;]\S+( |\S)+[^\\][^&quot; ] *\]\&quot;\)$"/>
    <property name="message"
      value="Default value for StringList should be a string representation of an array of strings."/>
  </module>
  <!--
 A multiline regex matcher for the illegal ConfigGets (of type ValueType.StringList). It can detect the invalid default values like:
 "[Personal]"
 "[ Personal ]"
 "[   Personal   ]"
 "[Personal, Unknown]"
 "[ Personal, Unknown ]"
 "[\"Unknown]"
 It will not detect the valid default values like:
 "[ ]"
 "[]"
 "[\"Personal\", \"Unknown\", \"ghjgjggjhgjgjghjgjhg \"]"
 "[ \"Personal\", \"Unknown\" ]"
 "[ \"Personal\", \"Unknown\"]"
 "[  \"Personal\", \"Unknown\"]"
 "[\"Personal\", \"Unknown\"]"
 "[\"Personal\", \"Unknown\" ]"
 "[\"Personal\", \"Unknown\"  ]"
 "[   \"Personal\", \"Unknown\"   ]"
 "[\"Unknown\"]"
 ""
 "Personal"
 "Personal, Unknown"
 Refer https://regex101.com/r/iX3QQT/6/tests for the regex and the corresponding tests.
  -->
  <module name="RegexpMultiline">
    <property name="format" value="ConfigManager\s*\.\s*INSTANCE\s*\.\s*getConfig"/>
    <property name="message" value="Use application/service context to get config."/>
  </module>
  <module name="JavadocPackage">
    <property name="allowLegacy" value="true"/>
  </module>
  <module name="NewlineAtEndOfFile">
    <metadata name="net.sf.eclipsecs.core.lastEnabledSeverity"
      value="inherit"/>
    <property name="severity" value="ignore"/>
  </module>
  <module name="Translation"/>
  <module name="FileLength"/>
  <module name="FileTabCharacter">
    <metadata name="net.sf.eclipsecs.core.lastEnabledSeverity"
      value="inherit"/>
    <property name="severity" value="ignore"/>
  </module>
  <module name="RegexpSingleline">
    <metadata name="net.sf.eclipsecs.core.lastEnabledSeverity"
      value="inherit"/>
    <property name="format" value="\s+$"/>
    <property name="message" value="Line has trailing spaces."/>
    <property name="severity" value="ignore"/>
  </module>
  <module name="SuppressionFilter">
    <property name="file"
      value="checkstyle_suppressions.xml"/>
  </module>
  <!-- Eclipse-Only Suppression Filter Configuration / Fails for Maven
     Commandline Maven command-line build uses pom.xml suppressionLocation setting
     in the checkstyle configuration. Eclipse checkstyle does not recognize the
     pom.xml setting, only the checkstyle.xml SuppressionFilter module here. But
     Maven command-line does not compile with the following because no variable
     is defined to locate the supporessions.xml in a way that works consistently
     regardless of where invoked (from root of project or cd into individual projects.
     You can set pom.xml PropertiesLocation tag with a .properties file containing
     key=value pairs for such variables, but they are not relative to the checkstyle.xml
     location. DISABLED: Enable only if you want to see the same exclusions from
     eclipse, but will not build from command-line. <module name="SuppressionFilter">
     <property name="file" value="${samedir}/checkstyle_suppressions.xml"/>
     </module> -->
  <property name="severity" value="warning"/>
</module>